ID,Predicted
22,47.46784678343428
16,100.02041185136684
2,61.48186413488297
24,117.5379335406777
60,64.98536847274514
54,43.964342445572115
21,47.46784678343428
56,121.04143787853988
57,100.02041185136684
27,86.00639449991816
30,15.936307742674742
1,82.50289016205599
25,40.46083810770994
41,226.14656801440503
33,33.453829431985596
36,229.65007235226716
35,54.474855459158626
50,75.49588148633165
44,208.62904632509418
